{"cameraMode":{"drawMode":0,"name":"Shaded","section":"Shading Mode"},"sceneLighting":false,"audioPlay":false,"sceneViewState":{"showFog":true,"showMaterialUpdate":false,"showSkybox":false,"showFlares":true,"showImageEffects":true,"showParticleSystems":true},"in2DMode":false,"pivot":{"x":-0.6169435381889343,"y":6.774554252624512,"z":-4.710051536560059},"rotation":{"x":0.08018747717142105,"y":0.6598473191261292,"z":-0.07113543152809143,"w":0.7437328696250916},"size":10.0,"orthographic":false}