{"cameraMode":{"drawMode":0,"name":"Shaded","section":"Shading Mode"},"sceneLighting":true,"audioPlay":false,"sceneViewState":{"showFog":true,"showMaterialUpdate":false,"showSkybox":true,"showFlares":true,"showImageEffects":true,"showParticleSystems":true},"in2DMode":false,"pivot":{"x":-56.14591979980469,"y":107.20285034179688,"z":106.75169372558594},"rotation":{"x":0.22611026465892793,"y":0.08171889930963516,"z":-0.01904059201478958,"w":0.9705111980438232},"size":104.13542938232422,"orthographic":false}